easy,Boy,CarDark,Cup,Sunshade,Torus
Average IoU,79.08262490071752,87.23711904026901,84.3553329674842,73.80107288068305,75.45695716975884
Time (sec.),0.015083227697109026,0.014536661152936975,0.013669958967246756,0.01589393755148726,0.016849727231740046
medium,Carchasing_ce4,Fish_ce2,Hurdle_ce2,Iceskater,Tiger1
Average IoU,50.93429369293339,61.50597394789735,70.92547124771967,57.72325044070734,72.0787579654893
Time (sec.),0.01678985532989848,0.018439340947279288,0.021982562817362668,0.01804723672733039,0.019353809167575568
hard,Girlmov,Matrix,Panda,Skiing,SuperMario_ce
Average IoU,58.68823399468109,8.46260045012548,37.85385494649762,4.9268233514307616,48.798984846215646
Time (sec.),0.019656184315681457,0.011532179032913361,0.008761683106422424,0.013706228137016297,0.009629196956239898
